Workbook

Sheet Rates
A1: PROCESSING RATES
A2: Edit cream cells when pricing changes — every sheet recalculates from this table.
A3: Rates as of: | B3: June 2026
A5: Service | B5: Fisherman's | C5: Five Star | D5: Unit
A6: Fillet + vac — 12 lb+ | B6: 1.95 | C6: 1.97 | D6: $/lb
A7: Fillet + vac — under 12 lb | B7: 2.8 | C7: 1.97 | D7: $/lb
A8: Smoked | B8: 3.5 | C8: 2.75 | D8: $/lb
A9: Jerky | B9: 4.5 | C9: 3.75 | D9: $/lb
A10: Canned | B10: 5.5 | C10: 5.5 | D10: $/lb
A11: Collars | B11: 5 | C11: 5.19 | D11: $/ea
A12: Gill & gut | B12: 1.55 | C12: 1.5 | D12: $/lb
A14: Setting | B14: Fisherman's | C14: Five Star
A15: Deposit (prepaid) | B15: 100 | C15: 0 | D15: $
A16: Credit-card fee | B16: 0.03 | C16: 0.0395 | D16: %
A17: Ships boxes? (1=yes) | B17: 1 | C17: 0
A18: Box price (medium) | B18: 65 | C18: 0 | D18: $
A19: Handling (up to 2 boxes) | B19: 75 | C19: 0 | D19: $
A20: Extra-box fee (>2) | B20: 10 | C20: 0 | D20: $
A22: Value-added minimum — PER FISH (smoke, jerky AND canning) | B22: 15 | C22: lb
A23: Under-12 tier threshold | B23: 12 | C23: lb
A24: Borderline flag range (lb) | B24: 10 | C24: 14
A26: Species | B26: Under-12 eligible | C26: Smoke | D26: Jerky | E26: Can
A27: Yellowtail | B27: 1 | C27: 1 | D27: 0 | E27: 0
A28: Bluefin Tuna | B28: 0 | C28: 1 | D28: 1 | E28: 1
A29: Yellowfin Tuna | B29: 1 | C29: 1 | D29: 1 | E29: 1
A30: Wahoo | B30: 0 | C30: 1 | D30: 0 | E30: 0
A31: Dorado | B31: 1 | C31: 0 | D31: 0 | E31: 0
A32: White Seabass | B32: 0 | C32: 0 | D32: 0 | E32: 0
A33: Halibut | B33: 1 | C33: 0 | D33: 0 | E33: 0
A34: Lingcod | B34: 1 | C34: 0 | D34: 0 | E34: 0
A35: Rockfish | B35: 1 | C35: 0 | D35: 0 | E35: 0
A37: Eligibility is species-gated per catch-logger engine.js (canonical). Bluefin, Wahoo, White Seabass NEVER price at the under-12 rate regardless of weight. Source: Fisherman's Processing + Five Star published price sheets, June 2026; per-fish 15 lb rule confirmed with Fisherman's stated policy, July 2026 (SPEC-catch-log.md §3).

Sheet My Catch Log
A1: MY CATCH LOG — ONE ROW PER KEPT FISH
A2: Cost rules match Catch Logger v2 (engine.js is canonical): the 15 lb value-added minimum is PER FISH — pounds do NOT pool across fish. Smoke/jerky/can pounds you enter on a row are drawn from THAT fish only; anything under 15 lb or not offered for the species bills as fillet and is flagged ✗.
A3: HOW TO USE — cream cells are yours: Day (1–8), Species (pick from list), Whole lb, and any smoke/jerky/can pounds from that fish. Grey cells compute. Row 6 is an EXAMPLE — overwrite it with your first fish.
A4: Rail weights are estimates — the processor's scale is the truth. Confirm rates before each trip (Rates sheet).
A5: Day | B5: Species | C5: Whole lb | D5: Smoke lb | E5: Jerky lb | F5: Can lb | G5: Check | H5: Under-12? | I5: Fillet lb | J5: Fisherman's $ | K5: Five Star $ | M5: idx | N5: smApp | O5: jkApp | P5: cnApp | Q5: u12
A6: 1 | B6: Yellowtail | C6: 25 | D6: 15 | G6: =IF($B6="","",IF($M6=0,"✗ unknown species",IF($N6+$O6+$P6>$C6,"✗ allocated more than fish weight",IF($D6+$E6+$F6>$N6+$O6+$P6,"✗ some value-added not applied — 15 lb min per fish / species not eligible — bills as fillet",IF(AND(INDEX(Rates!$B$27:$B$35,$M6)=1,$C6>=Rates!$B$24,$C6<=Rates!$C$24),"~ borderline 10–14 lb — tier may flip at the scale","✓"))))) -> ✓ | H6: =IF($B6="","",IF($Q6=1,"under-12","")) | I6: =IF($M6=0,"",MAX(0,$C6-($N6+$O6+$P6))) -> 10 | J6: =IF($M6=0,0,MAX(0,$C6-($N6+$O6+$P6))*IF($Q6=1,Rates!$B$7,Rates!$B$6)+$N6*Rates!$B$8+$O6*Rates!$B$9+$P6*Rates!$B$10) -> 72 | K6: =IF($M6=0,0,MAX(0,$C6-($N6+$O6+$P6))*IF($Q6=1,Rates!$C$7,Rates!$C$6)+$N6*Rates!$C$8+$O6*Rates!$C$9+$P6*Rates!$C$10) -> 60.95 | M6: =IFERROR(MATCH($B6,Rates!$A$27:$A$35,0),0) -> 1 | N6: =IF($M6=0,0,IF(AND(INDEX(Rates!$C$27:$C$35,$M6)=1,$D6>=Rates!$B$22),$D6,0)) -> 15 | O6: =IF($M6=0,0,IF(AND(INDEX(Rates!$D$27:$D$35,$M6)=1,$E6>=Rates!$B$22),$E6,0)) -> 0 | P6: =IF($M6=0,0,IF(AND(INDEX(Rates!$E$27:$E$35,$M6)=1,$F6>=Rates!$B$22),$F6,0)) -> 0 | Q6: =IF($M6=0,0,IF(AND(INDEX(Rates!$B$27:$B$35,$M6)=1,$C6<Rates!$B$23),1,0)) -> 0
G7: =IF($B7="","",IF($M7=0,"✗ unknown species",IF($N7+$O7+$P7>$C7,"✗ allocated more than fish weight",IF($D7+$E7+$F7>$N7+$O7+$P7,"✗ some value-added not applied — 15 lb min per fish / species not eligible — bills as fillet",IF(AND(INDEX(Rates!$B$27:$B$35,$M7)=1,$C7>=Rates!$B$24,$C7<=Rates!$C$24),"~ borderline 10–14 lb — tier may flip at the scale","✓"))))) | H7: =IF($B7="","",IF($Q7=1,"under-12","")) | I7: =IF($M7=0,"",MAX(0,$C7-($N7+$O7+$P7))) | J7: =IF($M7=0,0,MAX(0,$C7-($N7+$O7+$P7))*IF($Q7=1,Rates!$B$7,Rates!$B$6)+$N7*Rates!$B$8+$O7*Rates!$B$9+$P7*Rates!$B$10) -> 0 | K7: =IF($M7=0,0,MAX(0,$C7-($N7+$O7+$P7))*IF($Q7=1,Rates!$C$7,Rates!$C$6)+$N7*Rates!$C$8+$O7*Rates!$C$9+$P7*Rates!$C$10) -> 0 | M7: =IFERROR(MATCH($B7,Rates!$A$27:$A$35,0),0) -> 0 | N7: =IF($M7=0,0,IF(AND(INDEX(Rates!$C$27:$C$35,$M7)=1,$D7>=Rates!$B$22),$D7,0)) -> 0 | O7: =IF($M7=0,0,IF(AND(INDEX(Rates!$D$27:$D$35,$M7)=1,$E7>=Rates!$B$22),$E7,0)) -> 0 | P7: =IF($M7=0,0,IF(AND(INDEX(Rates!$E$27:$E$35,$M7)=1,$F7>=Rates!$B$22),$F7,0)) -> 0 | Q7: =IF($M7=0,0,IF(AND(INDEX(Rates!$B$27:$B$35,$M7)=1,$C7<Rates!$B$23),1,0)) -> 0
G8: =IF($B8="","",IF($M8=0,"✗ unknown species",IF($N8+$O8+$P8>$C8,"✗ allocated more than fish weight",IF($D8+$E8+$F8>$N8+$O8+$P8,"✗ some value-added not applied — 15 lb min per fish / species not eligible — bills as fillet",IF(AND(INDEX(Rates!$B$27:$B$35,$M8)=1,$C8>=Rates!$B$24,$C8<=Rates!$C$24),"~ borderline 10–14 lb — tier may flip at the scale","✓"))))) | H8: =IF($B8="","",IF($Q8=1,"under-12","")) | I8: =IF($M8=0,"",MAX(0,$C8-($N8+$O8+$P8))) | J8: =IF($M8=0,0,MAX(0,$C8-($N8+$O8+$P8))*IF($Q8=1,Rates!$B$7,Rates!$B$6)+$N8*Rates!$B$8+$O8*Rates!$B$9+$P8*Rates!$B$10) -> 0 | K8: =IF($M8=0,0,MAX(0,$C8-($N8+$O8+$P8))*IF($Q8=1,Rates!$C$7,Rates!$C$6)+$N8*Rates!$C$8+$O8*Rates!$C$9+$P8*Rates!$C$10) -> 0 | M8: =IFERROR(MATCH($B8,Rates!$A$27:$A$35,0),0) -> 0 | N8: =IF($M8=0,0,IF(AND(INDEX(Rates!$C$27:$C$35,$M8)=1,$D8>=Rates!$B$22),$D8,0)) -> 0 | O8: =IF($M8=0,0,IF(AND(INDEX(Rates!$D$27:$D$35,$M8)=1,$E8>=Rates!$B$22),$E8,0)) -> 0 | P8: =IF($M8=0,0,IF(AND(INDEX(Rates!$E$27:$E$35,$M8)=1,$F8>=Rates!$B$22),$F8,0)) -> 0 | Q8: =IF($M8=0,0,IF(AND(INDEX(Rates!$B$27:$B$35,$M8)=1,$C8<Rates!$B$23),1,0)) -> 0
G9: =IF($B9="","",IF($M9=0,"✗ unknown species",IF($N9+$O9+$P9>$C9,"✗ allocated more than fish weight",IF($D9+$E9+$F9>$N9+$O9+$P9,"✗ some value-added not applied — 15 lb min per fish / species not eligible — bills as fillet",IF(AND(INDEX(Rates!$B$27:$B$35,$M9)=1,$C9>=Rates!$B$24,$C9<=Rates!$C$24),"~ borderline 10–14 lb — tier may flip at the scale","✓"))))) | H9: =IF($B9="","",IF($Q9=1,"under-12","")) | I9: =IF($M9=0,"",MAX(0,$C9-($N9+$O9+$P9))) | J9: =IF($M9=0,0,MAX(0,$C9-($N9+$O9+$P9))*IF($Q9=1,Rates!$B$7,Rates!$B$6)+$N9*Rates!$B$8+$O9*Rates!$B$9+$P9*Rates!$B$10) -> 0 | K9: =IF($M9=0,0,MAX(0,$C9-($N9+$O9+$P9))*IF($Q9=1,Rates!$C$7,Rates!$C$6)+$N9*Rates!$C$8+$O9*Rates!$C$9+$P9*Rates!$C$10) -> 0 | M9: =IFERROR(MATCH($B9,Rates!$A$27:$A$35,0),0) -> 0 | N9: =IF($M9=0,0,IF(AND(INDEX(Rates!$C$27:$C$35,$M9)=1,$D9>=Rates!$B$22),$D9,0)) -> 0 | O9: =IF($M9=0,0,IF(AND(INDEX(Rates!$D$27:$D$35,$M9)=1,$E9>=Rates!$B$22),$E9,0)) -> 0 | P9: =IF($M9=0,0,IF(AND(INDEX(Rates!$E$27:$E$35,$M9)=1,$F9>=Rates!$B$22),$F9,0)) -> 0 | Q9: =IF($M9=0,0,IF(AND(INDEX(Rates!$B$27:$B$35,$M9)=1,$C9<Rates!$B$23),1,0)) -> 0
G10: =IF($B10="","",IF($M10=0,"✗ unknown species",IF($N10+$O10+$P10>$C10,"✗ allocated more than fish weight",IF($D10+$E10+$F10>$N10+$O10+$P10,"✗ some value-added not applied — 15 lb min per fish / species not eligible — bills as fillet",IF(AND(INDEX(Rates!$B$27:$B$35,$M10)=1,$C10>=Rates!$B$24,$C10<=Rates!$C$24),"~ borderline 10–14 lb — tier may flip at the scale","✓"))))) | H10: =IF($B10="","",IF($Q10=1,"under-12","")) | I10: =IF($M10=0,"",MAX(0,$C10-($N10+$O10+$P10))) | J10: =IF($M10=0,0,MAX(0,$C10-($N10+$O10+$P10))*IF($Q10=1,Rates!$B$7,Rates!$B$6)+$N10*Rates!$B$8+$O10*Rates!$B$9+$P10*Rates!$B$10) -> 0 | K10: =IF($M10=0,0,MAX(0,$C10-($N10+$O10+$P10))*IF($Q10=1,Rates!$C$7,Rates!$C$6)+$N10*Rates!$C$8+$O10*Rates!$C$9+$P10*Rates!$C$10) -> 0 | M10: =IFERROR(MATCH($B10,Rates!$A$27:$A$35,0),0) -> 0 | N10: =IF($M10=0,0,IF(AND(INDEX(Rates!$C$27:$C$35,$M10)=1,$D10>=Rates!$B$22),$D10,0)) -> 0 | O10: =IF($M10=0,0,IF(AND(INDEX(Rates!$D$27:$D$35,$M10)=1,$E10>=Rates!$B$22),$E10,0)) -> 0 | P10: =IF($M10=0,0,IF(AND(INDEX(Rates!$E$27:$E$35,$M10)=1,$F10>=Rates!$B$22),$F10,0)) -> 0 | Q10: =IF($M10=0,0,IF(AND(INDEX(Rates!$B$27:$B$35,$M10)=1,$C10<Rates!$B$23),1,0)) -> 0
G11: =IF($B11="","",IF($M11=0,"✗ unknown species",IF($N11+$O11+$P11>$C11,"✗ allocated more than fish weight",IF($D11+$E11+$F11>$N11+$O11+$P11,"✗ some value-added not applied — 15 lb min per fish / species not eligible — bills as fillet",IF(AND(INDEX(Rates!$B$27:$B$35,$M11)=1,$C11>=Rates!$B$24,$C11<=Rates!$C$24),"~ borderline 10–14 lb — tier may flip at the scale","✓"))))) | H11: =IF($B11="","",IF($Q11=1,"under-12","")) | I11: =IF($M11=0,"",MAX(0,$C11-($N11+$O11+$P11))) | J11: =IF($M11=0,0,MAX(0,$C11-($N11+$O11+$P11))*IF($Q11=1,Rates!$B$7,Rates!$B$6)+$N11*Rates!$B$8+$O11*Rates!$B$9+$P11*Rates!$B$10) -> 0 | K11: =IF($M11=0,0,MAX(0,$C11-($N11+$O11+$P11))*IF($Q11=1,Rates!$C$7,Rates!$C$6)+$N11*Rates!$C$8+$O11*Rates!$C$9+$P11*Rates!$C$10) -> 0 | M11: =IFERROR(MATCH($B11,Rates!$A$27:$A$35,0),0) -> 0 | N11: =IF($M11=0,0,IF(AND(INDEX(Rates!$C$27:$C$35,$M11)=1,$D11>=Rates!$B$22),$D11,0)) -> 0 | O11: =IF($M11=0,0,IF(AND(INDEX(Rates!$D$27:$D$35,$M11)=1,$E11>=Rates!$B$22),$E11,0)) -> 0 | P11: =IF($M11=0,0,IF(AND(INDEX(Rates!$E$27:$E$35,$M11)=1,$F11>=Rates!$B$22),$F11,0)) -> 0 | Q11: =IF($M11=0,0,IF(AND(INDEX(Rates!$B$27:$B$35,$M11)=1,$C11<Rates!$B$23),1,0)) -> 0
G12: =IF($B12="","",IF($M12=0,"✗ unknown species",IF($N12+$O12+$P12>$C12,"✗ allocated more than fish weight",IF($D12+$E12+$F12>$N12+$O12+$P12,"✗ some value-added not applied — 15 lb min per fish / species not eligible — bills as fillet",IF(AND(INDEX(Rates!$B$27:$B$35,$M12)=1,$C12>=Rates!$B$24,$C12<=Rates!$C$24),"~ borderline 10–14 lb — tier may flip at the scale","✓"))))) | H12: =IF($B12="","",IF($Q12=1,"under-12","")) | I12: =IF($M12=0,"",MAX(0,$C12-($N12+$O12+$P12))) | J12: =IF($M12=0,0,MAX(0,$C12-($N12+$O12+$P12))*IF($Q12=1,Rates!$B$7,Rates!$B$6)+$N12*Rates!$B$8+$O12*Rates!$B$9+$P12*Rates!$B$10) -> 0 | K12: =IF($M12=0,0,MAX(0,$C12-($N12+$O12+$P12))*IF($Q12=1,Rates!$C$7,Rates!$C$6)+$N12*Rates!$C$8+$O12*Rates!$C$9+$P12*Rates!$C$10) -> 0 | M12: =IFERROR(MATCH($B12,Rates!$A$27:$A$35,0),0) -> 0 | N12: =IF($M12=0,0,IF(AND(INDEX(Rates!$C$27:$C$35,$M12)=1,$D12>=Rates!$B$22),$D12,0)) -> 0 | O12: =IF($M12=0,0,IF(AND(INDEX(Rates!$D$27:$D$35,$M12)=1,$E12>=Rates!$B$22),$E12,0)) -> 0 | P12: =IF($M12=0,0,IF(AND(INDEX(Rates!$E$27:$E$35,$M12)=1,$F12>=Rates!$B$22),$F12,0)) -> 0 | Q12: =IF($M12=0,0,IF(AND(INDEX(Rates!$B$27:$B$35,$M12)=1,$C12<Rates!$B$23),1,0)) -> 0
G13: =IF($B13="","",IF($M13=0,"✗ unknown species",IF($N13+$O13+$P13>$C13,"✗ allocated more than fish weight",IF($D13+$E13+$F13>$N13+$O13+$P13,"✗ some value-added not applied — 15 lb min per fish / species not eligible — bills as fillet",IF(AND(INDEX(Rates!$B$27:$B$35,$M13)=1,$C13>=Rates!$B$24,$C13<=Rates!$C$24),"~ borderline 10–14 lb — tier may flip at the scale","✓"))))) | H13: =IF($B13="","",IF($Q13=1,"under-12","")) | I13: =IF($M13=0,"",MAX(0,$C13-($N13+$O13+$P13))) | J13: =IF($M13=0,0,MAX(0,$C13-($N13+$O13+$P13))*IF($Q13=1,Rates!$B$7,Rates!$B$6)+$N13*Rates!$B$8+$O13*Rates!$B$9+$P13*Rates!$B$10) -> 0 | K13: =IF($M13=0,0,MAX(0,$C13-($N13+$O13+$P13))*IF($Q13=1,Rates!$C$7,Rates!$C$6)+$N13*Rates!$C$8+$O13*Rates!$C$9+$P13*Rates!$C$10) -> 0 | M13: =IFERROR(MATCH($B13,Rates!$A$27:$A$35,0),0) -> 0 | N13: =IF($M13=0,0,IF(AND(INDEX(Rates!$C$27:$C$35,$M13)=1,$D13>=Rates!$B$22),$D13,0)) -> 0 | O13: =IF($M13=0,0,IF(AND(INDEX(Rates!$D$27:$D$35,$M13)=1,$E13>=Rates!$B$22),$E13,0)) -> 0 | P13: =IF($M13=0,0,IF(AND(INDEX(Rates!$E$27:$E$35,$M13)=1,$F13>=Rates!$B$22),$F13,0)) -> 0 | Q13: =IF($M13=0,0,IF(AND(INDEX(Rates!$B$27:$B$35,$M13)=1,$C13<Rates!$B$23),1,0)) -> 0
G14: =IF($B14="","",IF($M14=0,"✗ unknown species",IF($N14+$O14+$P14>$C14,"✗ allocated more than fish weight",IF($D14+$E14+$F14>$N14+$O14+$P14,"✗ some value-added not applied — 15 lb min per fish / species not eligible — bills as fillet",IF(AND(INDEX(Rates!$B$27:$B$35,$M14)=1,$C14>=Rates!$B$24,$C14<=Rates!$C$24),"~ borderline 10–14 lb — tier may flip at the scale","✓"))))) | H14: =IF($B14="","",IF($Q14=1,"under-12","")) | I14: =IF($M14=0,"",MAX(0,$C14-($N14+$O14+$P14))) | J14: =IF($M14=0,0,MAX(0,$C14-($N14+$O14+$P14))*IF($Q14=1,Rates!$B$7,Rates!$B$6)+$N14*Rates!$B$8+$O14*Rates!$B$9+$P14*Rates!$B$10) -> 0 | K14: =IF($M14=0,0,MAX(0,$C14-($N14+$O14+$P14))*IF($Q14=1,Rates!$C$7,Rates!$C$6)+$N14*Rates!$C$8+$O14*Rates!$C$9+$P14*Rates!$C$10) -> 0 | M14: =IFERROR(MATCH($B14,Rates!$A$27:$A$35,0),0) -> 0 | N14: =IF($M14=0,0,IF(AND(INDEX(Rates!$C$27:$C$35,$M14)=1,$D14>=Rates!$B$22),$D14,0)) -> 0 | O14: =IF($M14=0,0,IF(AND(INDEX(Rates!$D$27:$D$35,$M14)=1,$E14>=Rates!$B$22),$E14,0)) -> 0 | P14: =IF($M14=0,0,IF(AND(INDEX(Rates!$E$27:$E$35,$M14)=1,$F14>=Rates!$B$22),$F14,0)) -> 0 | Q14: =IF($M14=0,0,IF(AND(INDEX(Rates!$B$27:$B$35,$M14)=1,$C14<Rates!$B$23),1,0)) -> 0
G15: =IF($B15="","",IF($M15=0,"✗ unknown species",IF($N15+$O15+$P15>$C15,"✗ allocated more than fish weight",IF($D15+$E15+$F15>$N15+$O15+$P15,"✗ some value-added not applied — 15 lb min per fish / species not eligible — bills as fillet",IF(AND(INDEX(Rates!$B$27:$B$35,$M15)=1,$C15>=Rates!$B$24,$C15<=Rates!$C$24),"~ borderline 10–14 lb — tier may flip at the scale","✓"))))) | H15: =IF($B15="","",IF($Q15=1,"under-12","")) | I15: =IF($M15=0,"",MAX(0,$C15-($N15+$O15+$P15))) | J15: =IF($M15=0,0,MAX(0,$C15-($N15+$O15+$P15))*IF($Q15=1,Rates!$B$7,Rates!$B$6)+$N15*Rates!$B$8+$O15*Rates!$B$9+$P15*Rates!$B$10) -> 0 | K15: =IF($M15=0,0,MAX(0,$C15-($N15+$O15+$P15))*IF($Q15=1,Rates!$C$7,Rates!$C$6)+$N15*Rates!$C$8+$O15*Rates!$C$9+$P15*Rates!$C$10) -> 0 | M15: =IFERROR(MATCH($B15,Rates!$A$27:$A$35,0),0) -> 0 | N15: =IF($M15=0,0,IF(AND(INDEX(Rates!$C$27:$C$35,$M15)=1,$D15>=Rates!$B$22),$D15,0)) -> 0 | O15: =IF($M15=0,0,IF(AND(INDEX(Rates!$D$27:$D$35,$M15)=1,$E15>=Rates!$B$22),$E15,0)) -> 0 | P15: =IF($M15=0,0,IF(AND(INDEX(Rates!$E$27:$E$35,$M15)=1,$F15>=Rates!$B$22),$F15,0)) -> 0 | Q15: =IF($M15=0,0,IF(AND(INDEX(Rates!$B$27:$B$35,$M15)=1,$C15<Rates!$B$23),1,0)) -> 0
G16: =IF($B16="","",IF($M16=0,"✗ unknown species",IF($N16+$O16+$P16>$C16,"✗ allocated more than fish weight",IF($D16+$E16+$F16>$N16+$O16+$P16,"✗ some value-added not applied — 15 lb min per fish / species not eligible — bills as fillet",IF(AND(INDEX(Rates!$B$27:$B$35,$M16)=1,$C16>=Rates!$B$24,$C16<=Rates!$C$24),"~ borderline 10–14 lb — tier may flip at the scale","✓"))))) | H16: =IF($B16="","",IF($Q16=1,"under-12","")) | I16: =IF($M16=0,"",MAX(0,$C16-($N16+$O16+$P16))) | J16: =IF($M16=0,0,MAX(0,$C16-($N16+$O16+$P16))*IF($Q16=1,Rates!$B$7,Rates!$B$6)+$N16*Rates!$B$8+$O16*Rates!$B$9+$P16*Rates!$B$10) -> 0 | K16: =IF($M16=0,0,MAX(0,$C16-($N16+$O16+$P16))*IF($Q16=1,Rates!$C$7,Rates!$C$6)+$N16*Rates!$C$8+$O16*Rates!$C$9+$P16*Rates!$C$10) -> 0 | M16: =IFERROR(MATCH($B16,Rates!$A$27:$A$35,0),0) -> 0 | N16: =IF($M16=0,0,IF(AND(INDEX(Rates!$C$27:$C$35,$M16)=1,$D16>=Rates!$B$22),$D16,0)) -> 0 | O16: =IF($M16=0,0,IF(AND(INDEX(Rates!$D$27:$D$35,$M16)=1,$E16>=Rates!$B$22),$E16,0)) -> 0 | P16: =IF($M16=0,0,IF(AND(INDEX(Rates!$E$27:$E$35,$M16)=1,$F16>=Rates!$B$22),$F16,0)) -> 0 | Q16: =IF($M16=0,0,IF(AND(INDEX(Rates!$B$27:$B$35,$M16)=1,$C16<Rates!$B$23),1,0)) -> 0
G17: =IF($B17="","",IF($M17=0,"✗ unknown species",IF($N17+$O17+$P17>$C17,"✗ allocated more than fish weight",IF($D17+$E17+$F17>$N17+$O17+$P17,"✗ some value-added not applied — 15 lb min per fish / species not eligible — bills as fillet",IF(AND(INDEX(Rates!$B$27:$B$35,$M17)=1,$C17>=Rates!$B$24,$C17<=Rates!$C$24),"~ borderline 10–14 lb — tier may flip at the scale","✓"))))) | H17: =IF($B17="","",IF($Q17=1,"under-12","")) | I17: =IF($M17=0,"",MAX(0,$C17-($N17+$O17+$P17))) | J17: =IF($M17=0,0,MAX(0,$C17-($N17+$O17+$P17))*IF($Q17=1,Rates!$B$7,Rates!$B$6)+$N17*Rates!$B$8+$O17*Rates!$B$9+$P17*Rates!$B$10) -> 0 | K17: =IF($M17=0,0,MAX(0,$C17-($N17+$O17+$P17))*IF($Q17=1,Rates!$C$7,Rates!$C$6)+$N17*Rates!$C$8+$O17*Rates!$C$9+$P17*Rates!$C$10) -> 0 | M17: =IFERROR(MATCH($B17,Rates!$A$27:$A$35,0),0) -> 0 | N17: =IF($M17=0,0,IF(AND(INDEX(Rates!$C$27:$C$35,$M17)=1,$D17>=Rates!$B$22),$D17,0)) -> 0 | O17: =IF($M17=0,0,IF(AND(INDEX(Rates!$D$27:$D$35,$M17)=1,$E17>=Rates!$B$22),$E17,0)) -> 0 | P17: =IF($M17=0,0,IF(AND(INDEX(Rates!$E$27:$E$35,$M17)=1,$F17>=Rates!$B$22),$F17,0)) -> 0 | Q17: =IF($M17=0,0,IF(AND(INDEX(Rates!$B$27:$B$35,$M17)=1,$C17<Rates!$B$23),1,0)) -> 0
G18: =IF($B18="","",IF($M18=0,"✗ unknown species",IF($N18+$O18+$P18>$C18,"✗ allocated more than fish weight",IF($D18+$E18+$F18>$N18+$O18+$P18,"✗ some value-added not applied — 15 lb min per fish / species not eligible — bills as fillet",IF(AND(INDEX(Rates!$B$27:$B$35,$M18)=1,$C18>=Rates!$B$24,$C18<=Rates!$C$24),"~ borderline 10–14 lb — tier may flip at the scale","✓"))))) | H18: =IF($B18="","",IF($Q18=1,"under-12","")) | I18: =IF($M18=0,"",MAX(0,$C18-($N18+$O18+$P18))) | J18: =IF($M18=0,0,MAX(0,$C18-($N18+$O18+$P18))*IF($Q18=1,Rates!$B$7,Rates!$B$6)+$N18*Rates!$B$8+$O18*Rates!$B$9+$P18*Rates!$B$10) -> 0 | K18: =IF($M18=0,0,MAX(0,$C18-($N18+$O18+$P18))*IF($Q18=1,Rates!$C$7,Rates!$C$6)+$N18*Rates!$C$8+$O18*Rates!$C$9+$P18*Rates!$C$10) -> 0 | M18: =IFERROR(MATCH($B18,Rates!$A$27:$A$35,0),0) -> 0 | N18: =IF($M18=0,0,IF(AND(INDEX(Rates!$C$27:$C$35,$M18)=1,$D18>=Rates!$B$22),$D18,0)) -> 0 | O18: =IF($M18=0,0,IF(AND(INDEX(Rates!$D$27:$D$35,$M18)=1,$E18>=Rates!$B$22),$E18,0)) -> 0 | P18: =IF($M18=0,0,IF(AND(INDEX(Rates!$E$27:$E$35,$M18)=1,$F18>=Rates!$B$22),$F18,0)) -> 0 | Q18: =IF($M18=0,0,IF(AND(INDEX(Rates!$B$27:$B$35,$M18)=1,$C18<Rates!$B$23),1,0)) -> 0
... G155: =IF($B155="","",IF($M155=0,"✗ unknown species",IF($N155+$O155+$P155>$C155,"✗ allocated more than fish weight",IF($D155+$E155+$F155>$N155+$O155+$P155,"✗ some value-added not applied — 15 lb min per fish / species not eligible — bills as fillet",IF(AND(INDEX(Rates!$B$27:$B$35,$M155)=1,$C155>=Rates!$B$24,$C155<=Rates!$C$24),"~ borderline 10–14 lb — tier may flip at the scale","✓"))))) | H155: =IF($B155="","",IF($Q155=1,"under-12","")) | I155: =IF($M155=0,"",MAX(0,$C155-($N155+$O155+$P155))) | J155: =IF($M155=0,0,MAX(0,$C155-($N155+$O155+$P155))*IF($Q155=1,Rates!$B$7,Rates!$B$6)+$N155*Rates!$B$8+$O155*Rates!$B$9+$P155*Rates!$B$10) -> 0 | K155: =IF($M155=0,0,MAX(0,$C155-($N155+$O155+$P155))*IF($Q155=1,Rates!$C$7,Rates!$C$6)+$N155*Rates!$C$8+$O155*Rates!$C$9+$P155*Rates!$C$10) -> 0 | M155: =IFERROR(MATCH($B155,Rates!$A$27:$A$35,0),0) -> 0 | N155: =IF($M155=0,0,IF(AND(INDEX(Rates!$C$27:$C$35,$M155)=1,$D155>=Rates!$B$22),$D155,0)) -> 0 | O155: =IF($M155=0,0,IF(AND(INDEX(Rates!$D$27:$D$35,$M155)=1,$E155>=Rates!$B$22),$E155,0)) -> 0 | P155: =IF($M155=0,0,IF(AND(INDEX(Rates!$E$27:$E$35,$M155)=1,$F155>=Rates!$B$22),$F155,0)) -> 0 | Q155: =IF($M155=0,0,IF(AND(INDEX(Rates!$B$27:$B$35,$M155)=1,$C155<Rates!$B$23),1,0)) -> 0

Sheet Trip Summary
A1: TRIP SUMMARY
A2: Everything here derives from My Catch Log. Card fee and Fisherman's $100 prepaid deposit apply ONCE, at trip level (one dock drop-off). Cheaper is judged on the processing subtotal.
A4: Pay: | B4: cash
A6: Day | B6: Fish | C6: Lb | D6: Fisherman's $ | E6: Five Star $ | F6: Cheaper
A7: 1 | B7: =COUNTIFS('My Catch Log'!$A$6:$A$155,$A7,'My Catch Log'!$B$6:$B$155,"<>") -> 1 | C7: =SUMIFS('My Catch Log'!$C$6:$C$155,'My Catch Log'!$A$6:$A$155,$A7) -> 25 | D7: =SUMIFS('My Catch Log'!$J$6:$J$155,'My Catch Log'!$A$6:$A$155,$A7) -> 72 | E7: =SUMIFS('My Catch Log'!$K$6:$K$155,'My Catch Log'!$A$6:$A$155,$A7) -> 60.95 | F7: =IF(AND(D7=0,E7=0),"",IF(D7<E7-0.005,"Fisherman's",IF(E7<D7-0.005,"Five Star","— tie —"))) -> Five Star
A8: 2 | B8: =COUNTIFS('My Catch Log'!$A$6:$A$155,$A8,'My Catch Log'!$B$6:$B$155,"<>") -> 0 | C8: =SUMIFS('My Catch Log'!$C$6:$C$155,'My Catch Log'!$A$6:$A$155,$A8) -> 0 | D8: =SUMIFS('My Catch Log'!$J$6:$J$155,'My Catch Log'!$A$6:$A$155,$A8) -> 0 | E8: =SUMIFS('My Catch Log'!$K$6:$K$155,'My Catch Log'!$A$6:$A$155,$A8) -> 0 | F8: =IF(AND(D8=0,E8=0),"",IF(D8<E8-0.005,"Fisherman's",IF(E8<D8-0.005,"Five Star","— tie —")))
A9: 3 | B9: =COUNTIFS('My Catch Log'!$A$6:$A$155,$A9,'My Catch Log'!$B$6:$B$155,"<>") -> 0 | C9: =SUMIFS('My Catch Log'!$C$6:$C$155,'My Catch Log'!$A$6:$A$155,$A9) -> 0 | D9: =SUMIFS('My Catch Log'!$J$6:$J$155,'My Catch Log'!$A$6:$A$155,$A9) -> 0 | E9: =SUMIFS('My Catch Log'!$K$6:$K$155,'My Catch Log'!$A$6:$A$155,$A9) -> 0 | F9: =IF(AND(D9=0,E9=0),"",IF(D9<E9-0.005,"Fisherman's",IF(E9<D9-0.005,"Five Star","— tie —")))
A10: 4 | B10: =COUNTIFS('My Catch Log'!$A$6:$A$155,$A10,'My Catch Log'!$B$6:$B$155,"<>") -> 0 | C10: =SUMIFS('My Catch Log'!$C$6:$C$155,'My Catch Log'!$A$6:$A$155,$A10) -> 0 | D10: =SUMIFS('My Catch Log'!$J$6:$J$155,'My Catch Log'!$A$6:$A$155,$A10) -> 0 | E10: =SUMIFS('My Catch Log'!$K$6:$K$155,'My Catch Log'!$A$6:$A$155,$A10) -> 0 | F10: =IF(AND(D10=0,E10=0),"",IF(D10<E10-0.005,"Fisherman's",IF(E10<D10-0.005,"Five Star","— tie —")))
A11: 5 | B11: =COUNTIFS('My Catch Log'!$A$6:$A$155,$A11,'My Catch Log'!$B$6:$B$155,"<>") -> 0 | C11: =SUMIFS('My Catch Log'!$C$6:$C$155,'My Catch Log'!$A$6:$A$155,$A11) -> 0 | D11: =SUMIFS('My Catch Log'!$J$6:$J$155,'My Catch Log'!$A$6:$A$155,$A11) -> 0 | E11: =SUMIFS('My Catch Log'!$K$6:$K$155,'My Catch Log'!$A$6:$A$155,$A11) -> 0 | F11: =IF(AND(D11=0,E11=0),"",IF(D11<E11-0.005,"Fisherman's",IF(E11<D11-0.005,"Five Star","— tie —")))
A12: 6 | B12: =COUNTIFS('My Catch Log'!$A$6:$A$155,$A12,'My Catch Log'!$B$6:$B$155,"<>") -> 0 | C12: =SUMIFS('My Catch Log'!$C$6:$C$155,'My Catch Log'!$A$6:$A$155,$A12) -> 0 | D12: =SUMIFS('My Catch Log'!$J$6:$J$155,'My Catch Log'!$A$6:$A$155,$A12) -> 0 | E12: =SUMIFS('My Catch Log'!$K$6:$K$155,'My Catch Log'!$A$6:$A$155,$A12) -> 0 | F12: =IF(AND(D12=0,E12=0),"",IF(D12<E12-0.005,"Fisherman's",IF(E12<D12-0.005,"Five Star","— tie —")))
A13: 7 | B13: =COUNTIFS('My Catch Log'!$A$6:$A$155,$A13,'My Catch Log'!$B$6:$B$155,"<>") -> 0 | C13: =SUMIFS('My Catch Log'!$C$6:$C$155,'My Catch Log'!$A$6:$A$155,$A13) -> 0 | D13: =SUMIFS('My Catch Log'!$J$6:$J$155,'My Catch Log'!$A$6:$A$155,$A13) -> 0 | E13: =SUMIFS('My Catch Log'!$K$6:$K$155,'My Catch Log'!$A$6:$A$155,$A13) -> 0 | F13: =IF(AND(D13=0,E13=0),"",IF(D13<E13-0.005,"Fisherman's",IF(E13<D13-0.005,"Five Star","— tie —")))
A14: 8 | B14: =COUNTIFS('My Catch Log'!$A$6:$A$155,$A14,'My Catch Log'!$B$6:$B$155,"<>") -> 0 | C14: =SUMIFS('My Catch Log'!$C$6:$C$155,'My Catch Log'!$A$6:$A$155,$A14) -> 0 | D14: =SUMIFS('My Catch Log'!$J$6:$J$155,'My Catch Log'!$A$6:$A$155,$A14) -> 0 | E14: =SUMIFS('My Catch Log'!$K$6:$K$155,'My Catch Log'!$A$6:$A$155,$A14) -> 0 | F14: =IF(AND(D14=0,E14=0),"",IF(D14<E14-0.005,"Fisherman's",IF(E14<D14-0.005,"Five Star","— tie —")))
A15: TRIP TOTAL | B15: =SUM(B7:B14) -> 1 | C15: =SUM(C7:C14) -> 25 | D15: =SUM(D7:D14) -> 72 | E15: =SUM(E7:E14) -> 60.95 | F15: =IF(AND(D15=0,E15=0),"",IF(D15<E15-0.005,"Fisherman's",IF(E15<D15-0.005,"Five Star","— tie —"))) -> Five Star
A17: Trip extras (dock drop-off)
A18: Collars (ea) | B18: 0
A19: Gill & gut (lb) | B19: 0
A20: Ship: medium boxes (FP only) | B20: 0
B22: Fisherman's | C22: Five Star
A23: Processing subtotal | B23: =D15+$B$18*Rates!$B$11+$B$19*Rates!$B$12 -> 72 | C23: =E15+$B$18*Rates!$C$11+$B$19*Rates!$C$12 -> 60.95
A24: + Card fee (if paying card) | B24: =IF($B$4="card",B23*Rates!$B$16,0) -> 0 | C24: =IF($B$4="card",C23*Rates!$C$16,0) -> 0
A25: EST. TOTAL | B25: =B23+B24 -> 72 | C25: =C23+C24 -> 60.95
A26: Net due (less prepaid deposit) | B26: =B25-Rates!$B$15 -> -28 | C26: =C25-Rates!$C$15 -> 60.95
A27: Shipping (FP only — billed separately) | B27: =IF($B$20>0,$B$20*Rates!$B$18+Rates!$B$19+MAX(0,$B$20-2)*Rates!$B$20,0) -> 0 | C27: quote sep.
A28: CHEAPER (on processing subtotal) | B28: =IF(AND(B23=0,C23=0),"",IF(B23<C23-0.005,"Fisherman's",IF(C23<B23-0.005,"Five Star","— tie —"))) -> Five Star
A30: SPECIES TOTALS — compliance count + value-added actually applied
A31: Species | B31: Fish | C31: Lb | D31: Under-12 lb | E31: Smoke lb | F31: Jerky lb | G31: Can lb
A32: Yellowtail | B32: =COUNTIFS('My Catch Log'!$B$6:$B$155,$A32) -> 1 | C32: =SUMIFS('My Catch Log'!$C$6:$C$155,'My Catch Log'!$B$6:$B$155,$A32) -> 25 | D32: =SUMPRODUCT(('My Catch Log'!$B$6:$B$155=$A32)*('My Catch Log'!$Q$6:$Q$155)*('My Catch Log'!$C$6:$C$155)) -> 0 | E32: =SUMIFS('My Catch Log'!$N$6:$N$155,'My Catch Log'!$B$6:$B$155,$A32) -> 15 | F32: =SUMIFS('My Catch Log'!$O$6:$O$155,'My Catch Log'!$B$6:$B$155,$A32) -> 0 | G32: =SUMIFS('My Catch Log'!$P$6:$P$155,'My Catch Log'!$B$6:$B$155,$A32) -> 0
A33: Bluefin Tuna | B33: =COUNTIFS('My Catch Log'!$B$6:$B$155,$A33) -> 0 | C33: =SUMIFS('My Catch Log'!$C$6:$C$155,'My Catch Log'!$B$6:$B$155,$A33) -> 0 | D33: =SUMPRODUCT(('My Catch Log'!$B$6:$B$155=$A33)*('My Catch Log'!$Q$6:$Q$155)*('My Catch Log'!$C$6:$C$155)) -> 0 | E33: =SUMIFS('My Catch Log'!$N$6:$N$155,'My Catch Log'!$B$6:$B$155,$A33) -> 0 | F33: =SUMIFS('My Catch Log'!$O$6:$O$155,'My Catch Log'!$B$6:$B$155,$A33) -> 0 | G33: =SUMIFS('My Catch Log'!$P$6:$P$155,'My Catch Log'!$B$6:$B$155,$A33) -> 0
A34: Yellowfin Tuna | B34: =COUNTIFS('My Catch Log'!$B$6:$B$155,$A34) -> 0 | C34: =SUMIFS('My Catch Log'!$C$6:$C$155,'My Catch Log'!$B$6:$B$155,$A34) -> 0 | D34: =SUMPRODUCT(('My Catch Log'!$B$6:$B$155=$A34)*('My Catch Log'!$Q$6:$Q$155)*('My Catch Log'!$C$6:$C$155)) -> 0 | E34: =SUMIFS('My Catch Log'!$N$6:$N$155,'My Catch Log'!$B$6:$B$155,$A34) -> 0 | F34: =SUMIFS('My Catch Log'!$O$6:$O$155,'My Catch Log'!$B$6:$B$155,$A34) -> 0 | G34: =SUMIFS('My Catch Log'!$P$6:$P$155,'My Catch Log'!$B$6:$B$155,$A34) -> 0
A35: Wahoo | B35: =COUNTIFS('My Catch Log'!$B$6:$B$155,$A35) -> 0 | C35: =SUMIFS('My Catch Log'!$C$6:$C$155,'My Catch Log'!$B$6:$B$155,$A35) -> 0 | D35: =SUMPRODUCT(('My Catch Log'!$B$6:$B$155=$A35)*('My Catch Log'!$Q$6:$Q$155)*('My Catch Log'!$C$6:$C$155)) -> 0 | E35: =SUMIFS('My Catch Log'!$N$6:$N$155,'My Catch Log'!$B$6:$B$155,$A35) -> 0 | F35: =SUMIFS('My Catch Log'!$O$6:$O$155,'My Catch Log'!$B$6:$B$155,$A35) -> 0 | G35: =SUMIFS('My Catch Log'!$P$6:$P$155,'My Catch Log'!$B$6:$B$155,$A35) -> 0
A36: Dorado | B36: =COUNTIFS('My Catch Log'!$B$6:$B$155,$A36) -> 0 | C36: =SUMIFS('My Catch Log'!$C$6:$C$155,'My Catch Log'!$B$6:$B$155,$A36) -> 0 | D36: =SUMPRODUCT(('My Catch Log'!$B$6:$B$155=$A36)*('My Catch Log'!$Q$6:$Q$155)*('My Catch Log'!$C$6:$C$155)) -> 0 | E36: =SUMIFS('My Catch Log'!$N$6:$N$155,'My Catch Log'!$B$6:$B$155,$A36) -> 0 | F36: =SUMIFS('My Catch Log'!$O$6:$O$155,'My Catch Log'!$B$6:$B$155,$A36) -> 0 | G36: =SUMIFS('My Catch Log'!$P$6:$P$155,'My Catch Log'!$B$6:$B$155,$A36) -> 0
A37: White Seabass | B37: =COUNTIFS('My Catch Log'!$B$6:$B$155,$A37) -> 0 | C37: =SUMIFS('My Catch Log'!$C$6:$C$155,'My Catch Log'!$B$6:$B$155,$A37) -> 0 | D37: =SUMPRODUCT(('My Catch Log'!$B$6:$B$155=$A37)*('My Catch Log'!$Q$6:$Q$155)*('My Catch Log'!$C$6:$C$155)) -> 0 | E37: =SUMIFS('My Catch Log'!$N$6:$N$155,'My Catch Log'!$B$6:$B$155,$A37) -> 0 | F37: =SUMIFS('My Catch Log'!$O$6:$O$155,'My Catch Log'!$B$6:$B$155,$A37) -> 0 | G37: =SUMIFS('My Catch Log'!$P$6:$P$155,'My Catch Log'!$B$6:$B$155,$A37) -> 0
A38: Halibut | B38: =COUNTIFS('My Catch Log'!$B$6:$B$155,$A38) -> 0 | C38: =SUMIFS('My Catch Log'!$C$6:$C$155,'My Catch Log'!$B$6:$B$155,$A38) -> 0 | D38: =SUMPRODUCT(('My Catch Log'!$B$6:$B$155=$A38)*('My Catch Log'!$Q$6:$Q$155)*('My Catch Log'!$C$6:$C$155)) -> 0 | E38: =SUMIFS('My Catch Log'!$N$6:$N$155,'My Catch Log'!$B$6:$B$155,$A38) -> 0 | F38: =SUMIFS('My Catch Log'!$O$6:$O$155,'My Catch Log'!$B$6:$B$155,$A38) -> 0 | G38: =SUMIFS('My Catch Log'!$P$6:$P$155,'My Catch Log'!$B$6:$B$155,$A38) -> 0
A39: Lingcod | B39: =COUNTIFS('My Catch Log'!$B$6:$B$155,$A39) -> 0 | C39: =SUMIFS('My Catch Log'!$C$6:$C$155,'My Catch Log'!$B$6:$B$155,$A39) -> 0 | D39: =SUMPRODUCT(('My Catch Log'!$B$6:$B$155=$A39)*('My Catch Log'!$Q$6:$Q$155)*('My Catch Log'!$C$6:$C$155)) -> 0 | E39: =SUMIFS('My Catch Log'!$N$6:$N$155,'My Catch Log'!$B$6:$B$155,$A39) -> 0 | F39: =SUMIFS('My Catch Log'!$O$6:$O$155,'My Catch Log'!$B$6:$B$155,$A39) -> 0 | G39: =SUMIFS('My Catch Log'!$P$6:$P$155,'My Catch Log'!$B$6:$B$155,$A39) -> 0
A40: Rockfish | B40: =COUNTIFS('My Catch Log'!$B$6:$B$155,$A40) -> 0 | C40: =SUMIFS('My Catch Log'!$C$6:$C$155,'My Catch Log'!$B$6:$B$155,$A40) -> 0 | D40: =SUMPRODUCT(('My Catch Log'!$B$6:$B$155=$A40)*('My Catch Log'!$Q$6:$Q$155)*('My Catch Log'!$C$6:$C$155)) -> 0 | E40: =SUMIFS('My Catch Log'!$N$6:$N$155,'My Catch Log'!$B$6:$B$155,$A40) -> 0 | F40: =SUMIFS('My Catch Log'!$O$6:$O$155,'My Catch Log'!$B$6:$B$155,$A40) -> 0 | G40: =SUMIFS('My Catch Log'!$P$6:$P$155,'My Catch Log'!$B$6:$B$155,$A40) -> 0
A41: Under-12 lb uses SUMPRODUCT over the log's u12 helper — engine-identical species gating.

Sheet Quick Estimate
A1: QUICK ESTIMATE — PER FISH
A2: One-off estimate (e.g. for another fisherman). One row per fish — same engine rules: 15 lb value-added minimum PER FISH, species-gated tiers. Nothing here touches your catch log.
A4: Pay: | B4: cash
A6: Species | B6: Whole lb | C6: Smoke lb | D6: Jerky lb | E6: Can lb | F6: Check | G6: Under-12? | H6: Fillet lb | I6: Fisherman's $ | J6: Five Star $
F7: =IF($A7="","",IF($L7=0,"✗ unknown species",IF($M7+$N7+$O7>$B7,"✗ allocated more than fish weight",IF($C7+$D7+$E7>$M7+$N7+$O7,"✗ some value-added not applied — 15 lb min per fish / species not eligible — bills as fillet",IF(AND(INDEX(Rates!$B$27:$B$35,$L7)=1,$B7>=Rates!$B$24,$B7<=Rates!$C$24),"~ borderline 10–14 lb — tier may flip at the scale","✓"))))) | G7: =IF($A7="","",IF($P7=1,"under-12","")) | H7: =IF($L7=0,"",MAX(0,$B7-($M7+$N7+$O7))) | I7: =IF($L7=0,0,MAX(0,$B7-($M7+$N7+$O7))*IF($P7=1,Rates!$B$7,Rates!$B$6)+$M7*Rates!$B$8+$N7*Rates!$B$9+$O7*Rates!$B$10) -> 0 | J7: =IF($L7=0,0,MAX(0,$B7-($M7+$N7+$O7))*IF($P7=1,Rates!$C$7,Rates!$C$6)+$M7*Rates!$C$8+$N7*Rates!$C$9+$O7*Rates!$C$10) -> 0 | L7: =IFERROR(MATCH($A7,Rates!$A$27:$A$35,0),0) -> 0 | M7: =IF($L7=0,0,IF(AND(INDEX(Rates!$C$27:$C$35,$L7)=1,$C7>=Rates!$B$22),$C7,0)) -> 0 | N7: =IF($L7=0,0,IF(AND(INDEX(Rates!$D$27:$D$35,$L7)=1,$D7>=Rates!$B$22),$D7,0)) -> 0 | O7: =IF($L7=0,0,IF(AND(INDEX(Rates!$E$27:$E$35,$L7)=1,$E7>=Rates!$B$22),$E7,0)) -> 0 | P7: =IF($L7=0,0,IF(AND(INDEX(Rates!$B$27:$B$35,$L7)=1,$B7<Rates!$B$23),1,0)) -> 0
F8: =IF($A8="","",IF($L8=0,"✗ unknown species",IF($M8+$N8+$O8>$B8,"✗ allocated more than fish weight",IF($C8+$D8+$E8>$M8+$N8+$O8,"✗ some value-added not applied — 15 lb min per fish / species not eligible — bills as fillet",IF(AND(INDEX(Rates!$B$27:$B$35,$L8)=1,$B8>=Rates!$B$24,$B8<=Rates!$C$24),"~ borderline 10–14 lb — tier may flip at the scale","✓"))))) | G8: =IF($A8="","",IF($P8=1,"under-12","")) | H8: =IF($L8=0,"",MAX(0,$B8-($M8+$N8+$O8))) | I8: =IF($L8=0,0,MAX(0,$B8-($M8+$N8+$O8))*IF($P8=1,Rates!$B$7,Rates!$B$6)+$M8*Rates!$B$8+$N8*Rates!$B$9+$O8*Rates!$B$10) -> 0 | J8: =IF($L8=0,0,MAX(0,$B8-($M8+$N8+$O8))*IF($P8=1,Rates!$C$7,Rates!$C$6)+$M8*Rates!$C$8+$N8*Rates!$C$9+$O8*Rates!$C$10) -> 0 | L8: =IFERROR(MATCH($A8,Rates!$A$27:$A$35,0),0) -> 0 | M8: =IF($L8=0,0,IF(AND(INDEX(Rates!$C$27:$C$35,$L8)=1,$C8>=Rates!$B$22),$C8,0)) -> 0 | N8: =IF($L8=0,0,IF(AND(INDEX(Rates!$D$27:$D$35,$L8)=1,$D8>=Rates!$B$22),$D8,0)) -> 0 | O8: =IF($L8=0,0,IF(AND(INDEX(Rates!$E$27:$E$35,$L8)=1,$E8>=Rates!$B$22),$E8,0)) -> 0 | P8: =IF($L8=0,0,IF(AND(INDEX(Rates!$B$27:$B$35,$L8)=1,$B8<Rates!$B$23),1,0)) -> 0
F9: =IF($A9="","",IF($L9=0,"✗ unknown species",IF($M9+$N9+$O9>$B9,"✗ allocated more than fish weight",IF($C9+$D9+$E9>$M9+$N9+$O9,"✗ some value-added not applied — 15 lb min per fish / species not eligible — bills as fillet",IF(AND(INDEX(Rates!$B$27:$B$35,$L9)=1,$B9>=Rates!$B$24,$B9<=Rates!$C$24),"~ borderline 10–14 lb — tier may flip at the scale","✓"))))) | G9: =IF($A9="","",IF($P9=1,"under-12","")) | H9: =IF($L9=0,"",MAX(0,$B9-($M9+$N9+$O9))) | I9: =IF($L9=0,0,MAX(0,$B9-($M9+$N9+$O9))*IF($P9=1,Rates!$B$7,Rates!$B$6)+$M9*Rates!$B$8+$N9*Rates!$B$9+$O9*Rates!$B$10) -> 0 | J9: =IF($L9=0,0,MAX(0,$B9-($M9+$N9+$O9))*IF($P9=1,Rates!$C$7,Rates!$C$6)+$M9*Rates!$C$8+$N9*Rates!$C$9+$O9*Rates!$C$10) -> 0 | L9: =IFERROR(MATCH($A9,Rates!$A$27:$A$35,0),0) -> 0 | M9: =IF($L9=0,0,IF(AND(INDEX(Rates!$C$27:$C$35,$L9)=1,$C9>=Rates!$B$22),$C9,0)) -> 0 | N9: =IF($L9=0,0,IF(AND(INDEX(Rates!$D$27:$D$35,$L9)=1,$D9>=Rates!$B$22),$D9,0)) -> 0 | O9: =IF($L9=0,0,IF(AND(INDEX(Rates!$E$27:$E$35,$L9)=1,$E9>=Rates!$B$22),$E9,0)) -> 0 | P9: =IF($L9=0,0,IF(AND(INDEX(Rates!$B$27:$B$35,$L9)=1,$B9<Rates!$B$23),1,0)) -> 0
F10: =IF($A10="","",IF($L10=0,"✗ unknown species",IF($M10+$N10+$O10>$B10,"✗ allocated more than fish weight",IF($C10+$D10+$E10>$M10+$N10+$O10,"✗ some value-added not applied — 15 lb min per fish / species not eligible — bills as fillet",IF(AND(INDEX(Rates!$B$27:$B$35,$L10)=1,$B10>=Rates!$B$24,$B10<=Rates!$C$24),"~ borderline 10–14 lb — tier may flip at the scale","✓"))))) | G10: =IF($A10="","",IF($P10=1,"under-12","")) | H10: =IF($L10=0,"",MAX(0,$B10-($M10+$N10+$O10))) | I10: =IF($L10=0,0,MAX(0,$B10-($M10+$N10+$O10))*IF($P10=1,Rates!$B$7,Rates!$B$6)+$M10*Rates!$B$8+$N10*Rates!$B$9+$O10*Rates!$B$10) -> 0 | J10: =IF($L10=0,0,MAX(0,$B10-($M10+$N10+$O10))*IF($P10=1,Rates!$C$7,Rates!$C$6)+$M10*Rates!$C$8+$N10*Rates!$C$9+$O10*Rates!$C$10) -> 0 | L10: =IFERROR(MATCH($A10,Rates!$A$27:$A$35,0),0) -> 0 | M10: =IF($L10=0,0,IF(AND(INDEX(Rates!$C$27:$C$35,$L10)=1,$C10>=Rates!$B$22),$C10,0)) -> 0 | N10: =IF($L10=0,0,IF(AND(INDEX(Rates!$D$27:$D$35,$L10)=1,$D10>=Rates!$B$22),$D10,0)) -> 0 | O10: =IF($L10=0,0,IF(AND(INDEX(Rates!$E$27:$E$35,$L10)=1,$E10>=Rates!$B$22),$E10,0)) -> 0 | P10: =IF($L10=0,0,IF(AND(INDEX(Rates!$B$27:$B$35,$L10)=1,$B10<Rates!$B$23),1,0)) -> 0
F11: =IF($A11="","",IF($L11=0,"✗ unknown species",IF($M11+$N11+$O11>$B11,"✗ allocated more than fish weight",IF($C11+$D11+$E11>$M11+$N11+$O11,"✗ some value-added not applied — 15 lb min per fish / species not eligible — bills as fillet",IF(AND(INDEX(Rates!$B$27:$B$35,$L11)=1,$B11>=Rates!$B$24,$B11<=Rates!$C$24),"~ borderline 10–14 lb — tier may flip at the scale","✓"))))) | G11: =IF($A11="","",IF($P11=1,"under-12","")) | H11: =IF($L11=0,"",MAX(0,$B11-($M11+$N11+$O11))) | I11: =IF($L11=0,0,MAX(0,$B11-($M11+$N11+$O11))*IF($P11=1,Rates!$B$7,Rates!$B$6)+$M11*Rates!$B$8+$N11*Rates!$B$9+$O11*Rates!$B$10) -> 0 | J11: =IF($L11=0,0,MAX(0,$B11-($M11+$N11+$O11))*IF($P11=1,Rates!$C$7,Rates!$C$6)+$M11*Rates!$C$8+$N11*Rates!$C$9+$O11*Rates!$C$10) -> 0 | L11: =IFERROR(MATCH($A11,Rates!$A$27:$A$35,0),0) -> 0 | M11: =IF($L11=0,0,IF(AND(INDEX(Rates!$C$27:$C$35,$L11)=1,$C11>=Rates!$B$22),$C11,0)) -> 0 | N11: =IF($L11=0,0,IF(AND(INDEX(Rates!$D$27:$D$35,$L11)=1,$D11>=Rates!$B$22),$D11,0)) -> 0 | O11: =IF($L11=0,0,IF(AND(INDEX(Rates!$E$27:$E$35,$L11)=1,$E11>=Rates!$B$22),$E11,0)) -> 0 | P11: =IF($L11=0,0,IF(AND(INDEX(Rates!$B$27:$B$35,$L11)=1,$B11<Rates!$B$23),1,0)) -> 0
F12: =IF($A12="","",IF($L12=0,"✗ unknown species",IF($M12+$N12+$O12>$B12,"✗ allocated more than fish weight",IF($C12+$D12+$E12>$M12+$N12+$O12,"✗ some value-added not applied — 15 lb min per fish / species not eligible — bills as fillet",IF(AND(INDEX(Rates!$B$27:$B$35,$L12)=1,$B12>=Rates!$B$24,$B12<=Rates!$C$24),"~ borderline 10–14 lb — tier may flip at the scale","✓"))))) | G12: =IF($A12="","",IF($P12=1,"under-12","")) | H12: =IF($L12=0,"",MAX(0,$B12-($M12+$N12+$O12))) | I12: =IF($L12=0,0,MAX(0,$B12-($M12+$N12+$O12))*IF($P12=1,Rates!$B$7,Rates!$B$6)+$M12*Rates!$B$8+$N12*Rates!$B$9+$O12*Rates!$B$10) -> 0 | J12: =IF($L12=0,0,MAX(0,$B12-($M12+$N12+$O12))*IF($P12=1,Rates!$C$7,Rates!$C$6)+$M12*Rates!$C$8+$N12*Rates!$C$9+$O12*Rates!$C$10) -> 0 | L12: =IFERROR(MATCH($A12,Rates!$A$27:$A$35,0),0) -> 0 | M12: =IF($L12=0,0,IF(AND(INDEX(Rates!$C$27:$C$35,$L12)=1,$C12>=Rates!$B$22),$C12,0)) -> 0 | N12: =IF($L12=0,0,IF(AND(INDEX(Rates!$D$27:$D$35,$L12)=1,$D12>=Rates!$B$22),$D12,0)) -> 0 | O12: =IF($L12=0,0,IF(AND(INDEX(Rates!$E$27:$E$35,$L12)=1,$E12>=Rates!$B$22),$E12,0)) -> 0 | P12: =IF($L12=0,0,IF(AND(INDEX(Rates!$B$27:$B$35,$L12)=1,$B12<Rates!$B$23),1,0)) -> 0
F13: =IF($A13="","",IF($L13=0,"✗ unknown species",IF($M13+$N13+$O13>$B13,"✗ allocated more than fish weight",IF($C13+$D13+$E13>$M13+$N13+$O13,"✗ some value-added not applied — 15 lb min per fish / species not eligible — bills as fillet",IF(AND(INDEX(Rates!$B$27:$B$35,$L13)=1,$B13>=Rates!$B$24,$B13<=Rates!$C$24),"~ borderline 10–14 lb — tier may flip at the scale","✓"))))) | G13: =IF($A13="","",IF($P13=1,"under-12","")) | H13: =IF($L13=0,"",MAX(0,$B13-($M13+$N13+$O13))) | I13: =IF($L13=0,0,MAX(0,$B13-($M13+$N13+$O13))*IF($P13=1,Rates!$B$7,Rates!$B$6)+$M13*Rates!$B$8+$N13*Rates!$B$9+$O13*Rates!$B$10) -> 0 | J13: =IF($L13=0,0,MAX(0,$B13-($M13+$N13+$O13))*IF($P13=1,Rates!$C$7,Rates!$C$6)+$M13*Rates!$C$8+$N13*Rates!$C$9+$O13*Rates!$C$10) -> 0 | L13: =IFERROR(MATCH($A13,Rates!$A$27:$A$35,0),0) -> 0 | M13: =IF($L13=0,0,IF(AND(INDEX(Rates!$C$27:$C$35,$L13)=1,$C13>=Rates!$B$22),$C13,0)) -> 0 | N13: =IF($L13=0,0,IF(AND(INDEX(Rates!$D$27:$D$35,$L13)=1,$D13>=Rates!$B$22),$D13,0)) -> 0 | O13: =IF($L13=0,0,IF(AND(INDEX(Rates!$E$27:$E$35,$L13)=1,$E13>=Rates!$B$22),$E13,0)) -> 0 | P13: =IF($L13=0,0,IF(AND(INDEX(Rates!$B$27:$B$35,$L13)=1,$B13<Rates!$B$23),1,0)) -> 0
F14: =IF($A14="","",IF($L14=0,"✗ unknown species",IF($M14+$N14+$O14>$B14,"✗ allocated more than fish weight",IF($C14+$D14+$E14>$M14+$N14+$O14,"✗ some value-added not applied — 15 lb min per fish / species not eligible — bills as fillet",IF(AND(INDEX(Rates!$B$27:$B$35,$L14)=1,$B14>=Rates!$B$24,$B14<=Rates!$C$24),"~ borderline 10–14 lb — tier may flip at the scale","✓"))))) | G14: =IF($A14="","",IF($P14=1,"under-12","")) | H14: =IF($L14=0,"",MAX(0,$B14-($M14+$N14+$O14))) | I14: =IF($L14=0,0,MAX(0,$B14-($M14+$N14+$O14))*IF($P14=1,Rates!$B$7,Rates!$B$6)+$M14*Rates!$B$8+$N14*Rates!$B$9+$O14*Rates!$B$10) -> 0 | J14: =IF($L14=0,0,MAX(0,$B14-($M14+$N14+$O14))*IF($P14=1,Rates!$C$7,Rates!$C$6)+$M14*Rates!$C$8+$N14*Rates!$C$9+$O14*Rates!$C$10) -> 0 | L14: =IFERROR(MATCH($A14,Rates!$A$27:$A$35,0),0) -> 0 | M14: =IF($L14=0,0,IF(AND(INDEX(Rates!$C$27:$C$35,$L14)=1,$C14>=Rates!$B$22),$C14,0)) -> 0 | N14: =IF($L14=0,0,IF(AND(INDEX(Rates!$D$27:$D$35,$L14)=1,$D14>=Rates!$B$22),$D14,0)) -> 0 | O14: =IF($L14=0,0,IF(AND(INDEX(Rates!$E$27:$E$35,$L14)=1,$E14>=Rates!$B$22),$E14,0)) -> 0 | P14: =IF($L14=0,0,IF(AND(INDEX(Rates!$B$27:$B$35,$L14)=1,$B14<Rates!$B$23),1,0)) -> 0
F15: =IF($A15="","",IF($L15=0,"✗ unknown species",IF($M15+$N15+$O15>$B15,"✗ allocated more than fish weight",IF($C15+$D15+$E15>$M15+$N15+$O15,"✗ some value-added not applied — 15 lb min per fish / species not eligible — bills as fillet",IF(AND(INDEX(Rates!$B$27:$B$35,$L15)=1,$B15>=Rates!$B$24,$B15<=Rates!$C$24),"~ borderline 10–14 lb — tier may flip at the scale","✓"))))) | G15: =IF($A15="","",IF($P15=1,"under-12","")) | H15: =IF($L15=0,"",MAX(0,$B15-($M15+$N15+$O15))) | I15: =IF($L15=0,0,MAX(0,$B15-($M15+$N15+$O15))*IF($P15=1,Rates!$B$7,Rates!$B$6)+$M15*Rates!$B$8+$N15*Rates!$B$9+$O15*Rates!$B$10) -> 0 | J15: =IF($L15=0,0,MAX(0,$B15-($M15+$N15+$O15))*IF($P15=1,Rates!$C$7,Rates!$C$6)+$M15*Rates!$C$8+$N15*Rates!$C$9+$O15*Rates!$C$10) -> 0 | L15: =IFERROR(MATCH($A15,Rates!$A$27:$A$35,0),0) -> 0 | M15: =IF($L15=0,0,IF(AND(INDEX(Rates!$C$27:$C$35,$L15)=1,$C15>=Rates!$B$22),$C15,0)) -> 0 | N15: =IF($L15=0,0,IF(AND(INDEX(Rates!$D$27:$D$35,$L15)=1,$D15>=Rates!$B$22),$D15,0)) -> 0 | O15: =IF($L15=0,0,IF(AND(INDEX(Rates!$E$27:$E$35,$L15)=1,$E15>=Rates!$B$22),$E15,0)) -> 0 | P15: =IF($L15=0,0,IF(AND(INDEX(Rates!$B$27:$B$35,$L15)=1,$B15<Rates!$B$23),1,0)) -> 0
F16: =IF($A16="","",IF($L16=0,"✗ unknown species",IF($M16+$N16+$O16>$B16,"✗ allocated more than fish weight",IF($C16+$D16+$E16>$M16+$N16+$O16,"✗ some value-added not applied — 15 lb min per fish / species not eligible — bills as fillet",IF(AND(INDEX(Rates!$B$27:$B$35,$L16)=1,$B16>=Rates!$B$24,$B16<=Rates!$C$24),"~ borderline 10–14 lb — tier may flip at the scale","✓"))))) | G16: =IF($A16="","",IF($P16=1,"under-12","")) | H16: =IF($L16=0,"",MAX(0,$B16-($M16+$N16+$O16))) | I16: =IF($L16=0,0,MAX(0,$B16-($M16+$N16+$O16))*IF($P16=1,Rates!$B$7,Rates!$B$6)+$M16*Rates!$B$8+$N16*Rates!$B$9+$O16*Rates!$B$10) -> 0 | J16: =IF($L16=0,0,MAX(0,$B16-($M16+$N16+$O16))*IF($P16=1,Rates!$C$7,Rates!$C$6)+$M16*Rates!$C$8+$N16*Rates!$C$9+$O16*Rates!$C$10) -> 0 | L16: =IFERROR(MATCH($A16,Rates!$A$27:$A$35,0),0) -> 0 | M16: =IF($L16=0,0,IF(AND(INDEX(Rates!$C$27:$C$35,$L16)=1,$C16>=Rates!$B$22),$C16,0)) -> 0 | N16: =IF($L16=0,0,IF(AND(INDEX(Rates!$D$27:$D$35,$L16)=1,$D16>=Rates!$B$22),$D16,0)) -> 0 | O16: =IF($L16=0,0,IF(AND(INDEX(Rates!$E$27:$E$35,$L16)=1,$E16>=Rates!$B$22),$E16,0)) -> 0 | P16: =IF($L16=0,0,IF(AND(INDEX(Rates!$B$27:$B$35,$L16)=1,$B16<Rates!$B$23),1,0)) -> 0
F17: =IF($A17="","",IF($L17=0,"✗ unknown species",IF($M17+$N17+$O17>$B17,"✗ allocated more than fish weight",IF($C17+$D17+$E17>$M17+$N17+$O17,"✗ some value-added not applied — 15 lb min per fish / species not eligible — bills as fillet",IF(AND(INDEX(Rates!$B$27:$B$35,$L17)=1,$B17>=Rates!$B$24,$B17<=Rates!$C$24),"~ borderline 10–14 lb — tier may flip at the scale","✓"))))) | G17: =IF($A17="","",IF($P17=1,"under-12","")) | H17: =IF($L17=0,"",MAX(0,$B17-($M17+$N17+$O17))) | I17: =IF($L17=0,0,MAX(0,$B17-($M17+$N17+$O17))*IF($P17=1,Rates!$B$7,Rates!$B$6)+$M17*Rates!$B$8+$N17*Rates!$B$9+$O17*Rates!$B$10) -> 0 | J17: =IF($L17=0,0,MAX(0,$B17-($M17+$N17+$O17))*IF($P17=1,Rates!$C$7,Rates!$C$6)+$M17*Rates!$C$8+$N17*Rates!$C$9+$O17*Rates!$C$10) -> 0 | L17: =IFERROR(MATCH($A17,Rates!$A$27:$A$35,0),0) -> 0 | M17: =IF($L17=0,0,IF(AND(INDEX(Rates!$C$27:$C$35,$L17)=1,$C17>=Rates!$B$22),$C17,0)) -> 0 | N17: =IF($L17=0,0,IF(AND(INDEX(Rates!$D$27:$D$35,$L17)=1,$D17>=Rates!$B$22),$D17,0)) -> 0 | O17: =IF($L17=0,0,IF(AND(INDEX(Rates!$E$27:$E$35,$L17)=1,$E17>=Rates!$B$22),$E17,0)) -> 0 | P17: =IF($L17=0,0,IF(AND(INDEX(Rates!$B$27:$B$35,$L17)=1,$B17<Rates!$B$23),1,0)) -> 0
F18: =IF($A18="","",IF($L18=0,"✗ unknown species",IF($M18+$N18+$O18>$B18,"✗ allocated more than fish weight",IF($C18+$D18+$E18>$M18+$N18+$O18,"✗ some value-added not applied — 15 lb min per fish / species not eligible — bills as fillet",IF(AND(INDEX(Rates!$B$27:$B$35,$L18)=1,$B18>=Rates!$B$24,$B18<=Rates!$C$24),"~ borderline 10–14 lb — tier may flip at the scale","✓"))))) | G18: =IF($A18="","",IF($P18=1,"under-12","")) | H18: =IF($L18=0,"",MAX(0,$B18-($M18+$N18+$O18))) | I18: =IF($L18=0,0,MAX(0,$B18-($M18+$N18+$O18))*IF($P18=1,Rates!$B$7,Rates!$B$6)+$M18*Rates!$B$8+$N18*Rates!$B$9+$O18*Rates!$B$10) -> 0 | J18: =IF($L18=0,0,MAX(0,$B18-($M18+$N18+$O18))*IF($P18=1,Rates!$C$7,Rates!$C$6)+$M18*Rates!$C$8+$N18*Rates!$C$9+$O18*Rates!$C$10) -> 0 | L18: =IFERROR(MATCH($A18,Rates!$A$27:$A$35,0),0) -> 0 | M18: =IF($L18=0,0,IF(AND(INDEX(Rates!$C$27:$C$35,$L18)=1,$C18>=Rates!$B$22),$C18,0)) -> 0 | N18: =IF($L18=0,0,IF(AND(INDEX(Rates!$D$27:$D$35,$L18)=1,$D18>=Rates!$B$22),$D18,0)) -> 0 | O18: =IF($L18=0,0,IF(AND(INDEX(Rates!$E$27:$E$35,$L18)=1,$E18>=Rates!$B$22),$E18,0)) -> 0 | P18: =IF($L18=0,0,IF(AND(INDEX(Rates!$B$27:$B$35,$L18)=1,$B18<Rates!$B$23),1,0)) -> 0
... F21: =IF($A21="","",IF($L21=0,"✗ unknown species",IF($M21+$N21+$O21>$B21,"✗ allocated more than fish weight",IF($C21+$D21+$E21>$M21+$N21+$O21,"✗ some value-added not applied — 15 lb min per fish / species not eligible — bills as fillet",IF(AND(INDEX(Rates!$B$27:$B$35,$L21)=1,$B21>=Rates!$B$24,$B21<=Rates!$C$24),"~ borderline 10–14 lb — tier may flip at the scale","✓"))))) | G21: =IF($A21="","",IF($P21=1,"under-12","")) | H21: =IF($L21=0,"",MAX(0,$B21-($M21+$N21+$O21))) | I21: =IF($L21=0,0,MAX(0,$B21-($M21+$N21+$O21))*IF($P21=1,Rates!$B$7,Rates!$B$6)+$M21*Rates!$B$8+$N21*Rates!$B$9+$O21*Rates!$B$10) -> 0 | J21: =IF($L21=0,0,MAX(0,$B21-($M21+$N21+$O21))*IF($P21=1,Rates!$C$7,Rates!$C$6)+$M21*Rates!$C$8+$N21*Rates!$C$9+$O21*Rates!$C$10) -> 0 | L21: =IFERROR(MATCH($A21,Rates!$A$27:$A$35,0),0) -> 0 | M21: =IF($L21=0,0,IF(AND(INDEX(Rates!$C$27:$C$35,$L21)=1,$C21>=Rates!$B$22),$C21,0)) -> 0 | N21: =IF($L21=0,0,IF(AND(INDEX(Rates!$D$27:$D$35,$L21)=1,$D21>=Rates!$B$22),$D21,0)) -> 0 | O21: =IF($L21=0,0,IF(AND(INDEX(Rates!$E$27:$E$35,$L21)=1,$E21>=Rates!$B$22),$E21,0)) -> 0 | P21: =IF($L21=0,0,IF(AND(INDEX(Rates!$B$27:$B$35,$L21)=1,$B21<Rates!$B$23),1,0)) -> 0
A23: Collars (ea) | B23: 0
A24: Gill & gut (lb) | B24: 0
A25: Ship: medium boxes (FP only) | B25: 0
B27: Fisherman's | C27: Five Star
A28: Processing subtotal | B28: =SUM(I7:I21)+$B$23*Rates!$B$11+$B$24*Rates!$B$12 -> 0 | C28: =SUM(J7:J21)+$B$23*Rates!$C$11+$B$24*Rates!$C$12 -> 0
A29: + Card fee (if paying card) | B29: =IF($B$4="card",B28*Rates!$B$16,0) -> 0 | C29: =IF($B$4="card",C28*Rates!$C$16,0) -> 0
A30: EST. TOTAL | B30: =B28+B29 -> 0 | C30: =C28+C29 -> 0
A31: Net due (less prepaid deposit) | B31: =B30-Rates!$B$15 -> -100 | C31: =C30-Rates!$C$15 -> 0
A32: Shipping (FP only — billed separately) | B32: =IF($B$25>0,$B$25*Rates!$B$18+Rates!$B$19+MAX(0,$B$25-2)*Rates!$B$20,0) -> 0 | C32: quote sep.
A33: CHEAPER (on processing subtotal) | B33: =IF(AND(B28=0,C28=0),"",IF(B28<C28-0.005,"Fisherman's",IF(C28<B28-0.005,"Five Star","— tie —")))
